id,name,creator,category,formats,license,attribution_required,source_url,direct_download_url,approx_size_mb,notes
quaternius-ultimate-animated-character,"Ultimate Animated Character Pack",Quaternius,"3D characters; animation","FBX; OBJ; Blend",CC0-1.0,false,https://quaternius.com/packs/ultimatedanimatedcharacter.html,https://drive.google.com/drive/folders/1sNi1AfenfPRrvRt5yfaj5QMMd6KKcUJ5?usp=sharing,48,"50+ animated characters; saved core pack"
opengameart-modular-vector-characters,"Free CC0 Modular Animated Vector Characters 2D",rgsdev,"2D characters; vectors; sprites","PNG/vector source",CC0-1.0,false,https://opengameart.org/content/free-cc0-modular-animated-vector-characters-2d,,72.7,"2048x2048 canvas; idle/walk/roll/jump/hit/death; 8 premade characters"
opengameart-knight-princess-dragon-2,"Knight, Princess and Dragon 2",akylrum,"2D characters; animation","transparent PNG sequences",CC0-1.0,false,https://opengameart.org/content/knight-princess-and-dragon-2,https://opengameart.org/sites/default/files/knightprincessanddragon2.zip,63.8,"walk/run/2 attacks/idle/death/jump"
kaykit-character-animations-1.2,"KayKit Character Animations 1.2",Kay Lousberg,"3D animation","FBX; glTF",CC0-1.0,false,https://opengameart.org/content/kaykit-character-animations,https://opengameart.org/sites/default/files/kaykit_character_animations_1.2.zip,8,"compatible with KayKit characters; broad movement/combat set"
quaternius-ultimate-animated-animals,"Ultimate Animated Animal Pack",Quaternius,"3D creatures; animation","FBX; OBJ; Blend; glTF",CC0-1.0,false,https://quaternius.com/packs/ultimateanimatedanimals.html,,, "12 animals; 12+ animations each"
quaternius-animated-mech,"Animated Mech Pack",Quaternius,"3D sci-fi; animation","FBX; OBJ; Blend; glTF",CC0-1.0,false,https://quaternius.com/packs/animatedmech.html,,, "4 animated mechs"
kaykit-adventurers,"KayKit Character Pack: Adventurers",Kay Lousberg,"3D characters; animation","FBX; glTF",CC0-1.0,false,https://github.com/KayKit-Game-Assets/KayKit-Character-Pack-Adventures-1.0,,, "4 free rigged animated characters; 75 animations; 25+ accessories"
kaykit-skeletons,"KayKit Character Pack: Skeletons",Kay Lousberg,"3D characters; animation","FBX; glTF",CC0-1.0,false,https://github.com/KayKit-Game-Assets/KayKit-Character-Pack-Skeletons-1.0,,, "4 rigged skeletons; 90+ animations; 10+ accessories"
kaykit-dungeon,"KayKit Dungeon Pack",Kay Lousberg,"3D environment; dungeon","FBX; glTF; OBJ variants",CC0-1.0,false,https://kaylousberg.itch.io/kaykit-dungeon-pack,,, "free tier contains 200 assets"
avramania-nature-terrain,"Nature & Terrain — Free CC0 tier",Avramania,"3D environment; terrain","GLB; FBX",CC0-1.0,false,https://avramania.itch.io/nature-terrain,,3.1,"41 free models; real-world scale/grid-friendly"
mastjie-household-goods,"Low poly household goods",mastjie,"3D props; interior","FBX; GLTF",CC0-1.0,false,https://mastjie.itch.io/low-poly-household-goods,,0.512,"25 household props"
barnabe-wild-rigged-character,"Low-poly rigged character - CC0",Barnabe Wild,"3D character; rig","Blend/rigged source; mocap archive",CC0-1.0,false,https://barnabe-wild.itch.io/low-poly-rigged-character,,7.1,"char_rigged.zip 1.1 MB + mocap_preview.zip 6 MB"
jean-charpentier-lowpoly,"CC0 LowPoly Packs",Jean Charpentier,"3D environment; props","FBX",CC0-1.0,false,https://jeancharpentier.itch.io/cc0-lowpoly-pack,,1.692,"Cubic Trees + OLD UE4 Pack"
series-ai-jam-ready-assets,"Jam-Ready Assets",series-ai,"mixed mega-library","2D; 3D; UI; icons; fonts; audio",MIXED,false,https://github.com/series-ai/jam-ready-assets,,, "338 curated packs; pack-level licences; predominantly CC0 with some MIT; use each bundled License.txt"
