id,name,source,license,categories,storage_strategy,verified_2026_10_05
tiddybub-2d-assets,Tiddybub CC0 2D Assets,https://github.com/Tiddybub/2d-assets,CC0-1.0,"2D characters;sprites;effects;fantasy;sci-fi;urban;nature;tiles;UI;vehicles",release-mirror,true
cc0tree,CC0Tree,https://github.com/SkywolfGameStudios/CC0Tree,CC0-1.0,"3D low-poly;props;environment;world-building",release-mirror,true
holokat-game-assets,holokat Game Assets,https://github.com/holokat/game-assets,MIT,"3D characters;equipment;farm;buildings;infrastructure;creatures;VFX;animations",release-mirror,true
shorepine-kenney,Kenney CC0 organized mirror,https://github.com/shorepine/kenney,CC0-1.0,"2D sprites;UI;icons;3D static models",release-mirror,true
fps-buildings-env-kit,FPS Buildings & Environment Kit,https://github.com/petroulacl/fps-buildings-env-kit,CC0-1.0,"buildings;vegetation;skyboxes;PBR textures;urban;military",release-mirror,true
fps-asset-kit,FPS Asset Kit,https://github.com/petroulacl/fps-asset-kit,CC0-1.0,"PBR textures;weapons;SFX;HDRIs",release-mirror,true
poly-haven,Poly Haven,https://polyhaven.com,CC0-1.0,"3D models;PBR textures;HDRIs;background lighting",catalog-and-selective-download,true
itch-cc0,itch.io CC0 game assets,https://itch.io/game-assets/assets-cc0,CC0-1.0,"characters;3D;2D;backgrounds;tilesets;UI;icons;textures;audio",catalog-crawl-per-pack,true
kenney-free,Kenney free assets,https://kenney.nl/assets,CC0-1.0,"2D;3D;characters;buildings;environments;UI;audio;fonts",catalog-and-selective-download,true
papyszoo-cc0-sprites,CC0 Public Domain Sprites,https://github.com/Papyszoo/CC0-Public-Domain-Sprites,CC0-1.0,"2D characters;creatures;tilesets;environments;items;icons;UI;effects;backgrounds",release-mirror,true
oga-3d-character-pack,OpenGameArt 3D Character Pack,https://opengameart.org/content/3d-character-pack,CC0-1.0,"3D characters;male;female;rigged;animated;humanoid;NPC;Blender",release-direct,true
kaykit-city-builder,KayKit City Builder Bits,https://github.com/KayKit-Game-Assets/KayKit-City-Builder-Bits-1.0,CC0-1.0,"3D;city;buildings;urban;simulation;RTS;GLTF;FBX;OBJ",release-mirror,true
kaykit-dungeon-remastered,KayKit Dungeon Remastered,https://github.com/KayKit-Game-Assets/KayKit-Dungeon-Remastered-1.0,CC0-1.0,"3D;dungeon;walls;floors;stairs;doors;props;interior",release-mirror,true
kaykit-furniture,KayKit Furniture Bits,https://github.com/KayKit-Game-Assets/KayKit-Furniture-Bits-1.0,CC0-1.0,"3D;furniture;rooms;interiors;life-sim;props",release-mirror,true
kaykit-halloween,KayKit Halloween Bits,https://github.com/KayKit-Game-Assets/KayKit-Halloween-Bits-1.0,CC0-1.0,"3D;graveyard;cemetery;seasonal;props;spooky",release-mirror,true
kaykit-medieval-hexagon,KayKit Medieval Hexagon Pack,https://github.com/KayKit-Game-Assets/KayKit-Medieval-Hexagon-Pack-1.0,CC0-1.0,"3D;medieval;hex;buildings;roads;rivers;nature;RTS",release-mirror,true
kaykit-prototype-bits,KayKit Prototype Bits,https://github.com/KayKit-Game-Assets/KayKit-Prototype-Bits-1.0,CC0-1.0,"3D;prototype;blocks;greybox;level-design",release-mirror,true
tmhs-free-game-dev-assets,Free Game Dev Assets verified catalogue,https://github.com/TMHSDigital/Free-Game-Dev-Assets,MIXED-OPEN,"catalog;3D;2D;UI;textures;HDRI;audio;tools",catalog-reference,true
