id,name,record_type,availability,stored_copy,release_tag,release_asset,size_bytes,license,categories,source_url,release_url,aliases,superseded_by,notes
series-ai-jam-ready-assets,Jam-Ready Assets,asset_pack,stored,true,mega-assets-v1,jam-ready-assets.zip,1533150036,PACK_LEVEL,mega-library;2d;3d;ui;icons;audio,https://github.com/series-ai/jam-ready-assets,https://github.com/atiffhussainkhan/Image/releases/download/mega-assets-v1/jam-ready-assets.zip,jam-ready-assets,,
kaykit-adventurers,KayKit Character Pack: Adventurers,asset_pack,stored,true,mega-assets-v1,kaykit-adventurers.zip,30504058,CC0-1.0,3d;characters;rigged;animated,https://github.com/KayKit-Game-Assets/KayKit-Character-Pack-Adventures-1.0,https://github.com/atiffhussainkhan/Image/releases/download/mega-assets-v1/kaykit-adventurers.zip,,,
kaykit-character-animations-1.2,KayKit Character Animations 1.2,asset_pack,stored,true,mega-assets-v1,kaykit-character-animations-1.2.zip,7959257,CC0-1.0,3d;animations;fbx;gltf,https://opengameart.org/content/kaykit-character-animations,https://github.com/atiffhussainkhan/Image/releases/download/mega-assets-v1/kaykit-character-animations-1.2.zip,,,
kaykit-skeletons,KayKit Character Pack: Skeletons,asset_pack,stored,true,mega-assets-v1,kaykit-skeletons.zip,28735557,CC0-1.0,3d;skeletons;rigged;animated,https://github.com/KayKit-Game-Assets/KayKit-Character-Pack-Skeletons-1.0,https://github.com/atiffhussainkhan/Image/releases/download/mega-assets-v1/kaykit-skeletons.zip,,,
opengameart-knight-princess-dragon-2,"Knight, Princess and Dragon 2",asset_pack,stored,true,mega-assets-v1,opengameart-knight-princess-dragon-2.zip,63827977,CC0-1.0,2d;png;transparent;animation,https://opengameart.org/content/knight-princess-and-dragon-2,https://github.com/atiffhussainkhan/Image/releases/download/mega-assets-v1/opengameart-knight-princess-dragon-2.zip,,,
opengameart-modular-vector-characters,Free CC0 Modular Animated Vector Characters 2D,asset_pack,stored,true,mega-assets-v1,opengameart-modular-vector-characters.zip,71527593,CC0-1.0,2d;vector;sprites;animated,https://opengameart.org/content/free-cc0-modular-animated-vector-characters-2d,https://github.com/atiffhussainkhan/Image/releases/download/mega-assets-v1/opengameart-modular-vector-characters.zip,,,
cc0tree,CC0Tree,asset_pack,stored,true,mega-assets-expansion-v1,cc0tree.zip,11146504,CC0-1.0,3D low-poly;props;environment;world-building,https://github.com/SkywolfGameStudios/CC0Tree,https://github.com/atiffhussainkhan/Image/releases/download/mega-assets-expansion-v1/cc0tree.zip,,,
fps-asset-kit,FPS Asset Kit,asset_pack,stored,true,mega-assets-expansion-v1,fps-asset-kit.zip,763813421,CC0-1.0,PBR textures;weapons;SFX;HDRIs,https://github.com/petroulacl/fps-asset-kit,https://github.com/atiffhussainkhan/Image/releases/download/mega-assets-expansion-v1/fps-asset-kit.zip,,,
fps-buildings-env-kit,FPS Buildings & Environment Kit,asset_pack,stored,true,mega-assets-expansion-v1,fps-buildings-env-kit.zip,319708164,CC0-1.0,buildings;vegetation;skyboxes;PBR textures;urban;military,https://github.com/petroulacl/fps-buildings-env-kit,https://github.com/atiffhussainkhan/Image/releases/download/mega-assets-expansion-v1/fps-buildings-env-kit.zip,,,
holokat-game-assets,holokat Game Assets,asset_pack,stored,true,mega-assets-expansion-v1,holokat-game-assets.zip,65596546,MIT,3D characters;equipment;farm;buildings;infrastructure;creatures;VFX;animations,https://github.com/holokat/game-assets,https://github.com/atiffhussainkhan/Image/releases/download/mega-assets-expansion-v1/holokat-game-assets.zip,,,
shorepine-kenney,Kenney CC0 organized mirror,asset_pack,stored,true,mega-assets-expansion-v1,shorepine-kenney.zip,159448776,CC0-1.0,2D sprites;UI;icons;3D static models,https://github.com/shorepine/kenney,https://github.com/atiffhussainkhan/Image/releases/download/mega-assets-expansion-v1/shorepine-kenney.zip,,,
tiddybub-2d-assets,Tiddybub CC0 2D Assets,asset_pack,stored,true,mega-assets-expansion-v1,tiddybub-2d-assets.zip,1192705116,CC0-1.0,2D characters;sprites;effects;fantasy;sci-fi;urban;nature;tiles;UI;vehicles,https://github.com/Tiddybub/2d-assets,https://github.com/atiffhussainkhan/Image/releases/download/mega-assets-expansion-v1/tiddybub-2d-assets.zip,,,
kaykit-city-builder,KayKit City Builder Bits,asset_pack,stored,true,mega-assets-expansion-v2,kaykit-city-builder.zip,5771646,CC0-1.0,3D;city;buildings;urban;simulation;RTS;GLTF;FBX;OBJ,https://github.com/KayKit-Game-Assets/KayKit-City-Builder-Bits-1.0,https://github.com/atiffhussainkhan/Image/releases/download/mega-assets-expansion-v2/kaykit-city-builder.zip,,,
kaykit-dungeon-remastered,KayKit Dungeon Remastered,asset_pack,stored,true,mega-assets-expansion-v2,kaykit-dungeon-remastered.zip,29808904,CC0-1.0,3D;dungeon;walls;floors;stairs;doors;props;interior,https://github.com/KayKit-Game-Assets/KayKit-Dungeon-Remastered-1.0,https://github.com/atiffhussainkhan/Image/releases/download/mega-assets-expansion-v2/kaykit-dungeon-remastered.zip,,,
kaykit-furniture,KayKit Furniture Bits,asset_pack,stored,true,mega-assets-expansion-v2,kaykit-furniture.zip,4241609,CC0-1.0,3D;furniture;rooms;interiors;life-sim;props,https://github.com/KayKit-Game-Assets/KayKit-Furniture-Bits-1.0,https://github.com/atiffhussainkhan/Image/releases/download/mega-assets-expansion-v2/kaykit-furniture.zip,,,
kaykit-halloween,KayKit Halloween Bits,asset_pack,stored,true,mega-assets-expansion-v2,kaykit-halloween.zip,6486182,CC0-1.0,3D;graveyard;cemetery;seasonal;props;spooky,https://github.com/KayKit-Game-Assets/KayKit-Halloween-Bits-1.0,https://github.com/atiffhussainkhan/Image/releases/download/mega-assets-expansion-v2/kaykit-halloween.zip,,,
kaykit-medieval-hexagon,KayKit Medieval Hexagon Pack,asset_pack,stored,true,mega-assets-expansion-v2,kaykit-medieval-hexagon.zip,36321425,CC0-1.0,3D;medieval;hex;buildings;roads;rivers;nature;RTS,https://github.com/KayKit-Game-Assets/KayKit-Medieval-Hexagon-Pack-1.0,https://github.com/atiffhussainkhan/Image/releases/download/mega-assets-expansion-v2/kaykit-medieval-hexagon.zip,,,
kaykit-prototype-bits,KayKit Prototype Bits,asset_pack,stored,true,mega-assets-expansion-v2,kaykit-prototype-bits.zip,5770284,CC0-1.0,3D;prototype;blocks;greybox;level-design,https://github.com/KayKit-Game-Assets/KayKit-Prototype-Bits-1.0,https://github.com/atiffhussainkhan/Image/releases/download/mega-assets-expansion-v2/kaykit-prototype-bits.zip,,,
oga-3d-character-pack,OpenGameArt 3D Character Pack,asset_pack,stored,true,mega-assets-expansion-v2,oga-3d-character-pack.zip,41743060,CC0-1.0,3D characters;male;female;rigged;animated;humanoid;NPC;Blender,https://opengameart.org/content/3d-character-pack,https://github.com/atiffhussainkhan/Image/releases/download/mega-assets-expansion-v2/oga-3d-character-pack.zip,,,
papyszoo-cc0-sprites,CC0 Public Domain Sprites,asset_pack,stored,true,mega-assets-expansion-v2,papyszoo-cc0-sprites.zip,144498696,CC0-1.0,2D characters;creatures;tilesets;environments;items;icons;UI;effects;backgrounds,https://github.com/Papyszoo/CC0-Public-Domain-Sprites,https://github.com/atiffhussainkhan/Image/releases/download/mega-assets-expansion-v2/papyszoo-cc0-sprites.zip,,,
verified-source-catalog,verified-source-catalog,reference_catalog,stored,true,mega-assets-expansion-v2,verified-source-catalog.zip,1501012,,,,https://github.com/atiffhussainkhan/Image/releases/download/mega-assets-expansion-v2/verified-source-catalog.zip,,,
quaternius-ultimate-animated-character,Ultimate Animated Character Pack,asset_pack,stored,true,catalog-completion-2026-10-06,quaternius-ultimate-animated-character.zip,70848226,CC0-1.0,3d;characters;rigged;animated,https://quaternius.com/packs/ultimatedanimatedcharacter.html,https://github.com/atiffhussainkhan/Image/releases/download/catalog-completion-2026-10-06/quaternius-ultimate-animated-character.zip,,,Retrieved and integrity checked 2026-10-06; see catalog/catalog-completion-2026-10-06/REPORT.md
quaternius-ultimate-animated-animals,Ultimate Animated Animal Pack,asset_pack,stored,true,catalog-completion-2026-10-06,quaternius-ultimate-animated-animals.zip,40047112,CC0-1.0,3d;animals;animated,https://quaternius.com/packs/ultimateanimatedanimals.html,https://github.com/atiffhussainkhan/Image/releases/download/catalog-completion-2026-10-06/quaternius-ultimate-animated-animals.zip,,,Retrieved and integrity checked 2026-10-06; see catalog/catalog-completion-2026-10-06/REPORT.md
quaternius-animated-mech,Animated Mech Pack,asset_pack,stored,true,catalog-completion-2026-10-06,quaternius-animated-mech.zip,83598811,CC0-1.0,3d;mech;sci-fi;animated,https://quaternius.com/packs/animatedmech.html,https://github.com/atiffhussainkhan/Image/releases/download/catalog-completion-2026-10-06/quaternius-animated-mech.zip,,,Retrieved and integrity checked 2026-10-06; see catalog/catalog-completion-2026-10-06/REPORT.md
kaykit-dungeon,KayKit Dungeon Pack,asset_pack,stored,true,catalog-completion-2026-10-06,kaykit-dungeon.zip,32730796,CC0-1.0,3d;dungeon;environment,https://kaylousberg.itch.io/kaykit-dungeon,https://github.com/atiffhussainkhan/Image/releases/download/catalog-completion-2026-10-06/kaykit-dungeon.zip,,kaykit-dungeon-remastered,Retrieved and integrity checked 2026-10-06; see catalog/catalog-completion-2026-10-06/REPORT.md
avramania-nature-terrain,Nature & Terrain — Free CC0 tier,asset_pack,stored,true,catalog-completion-2026-10-06,avramania-nature-terrain.zip,3272164,CC0-1.0,3d;nature;terrain;glb;fbx,https://avramania.itch.io/nature-terrain,https://github.com/atiffhussainkhan/Image/releases/download/catalog-completion-2026-10-06/avramania-nature-terrain.zip,,,Retrieved and integrity checked 2026-10-06; see catalog/catalog-completion-2026-10-06/REPORT.md
mastjie-household-goods,Low poly household goods,asset_pack,stored,true,catalog-completion-2026-10-06,mastjie-household-goods.zip,528931,CC0-1.0,3d;props;interior;fbx;gltf,https://mastjie.itch.io/low-poly-household-goods,https://github.com/atiffhussainkhan/Image/releases/download/catalog-completion-2026-10-06/mastjie-household-goods.zip,,,Retrieved and integrity checked 2026-10-06; see catalog/catalog-completion-2026-10-06/REPORT.md
barnabe-wild-rigged-character,Low-poly rigged character - CC0,asset_pack,stored,true,catalog-completion-2026-10-06,barnabe-wild-rigged-character.zip,7435043,CC0-1.0,3d;character;rigged;mocap,https://barnabe-wild.itch.io/low-poly-rigged-character,https://github.com/atiffhussainkhan/Image/releases/download/catalog-completion-2026-10-06/barnabe-wild-rigged-character.zip,,,Retrieved and integrity checked 2026-10-06; see catalog/catalog-completion-2026-10-06/REPORT.md
jean-charpentier-lowpoly,CC0 LowPoly Packs,asset_pack,stored,true,catalog-completion-2026-10-06,jean-charpentier-lowpoly.zip,1914379,CC0-1.0,3d;lowpoly;fbx,https://jeancharpentier.itch.io/cc0-lowpoly-pack,https://github.com/atiffhussainkhan/Image/releases/download/catalog-completion-2026-10-06/jean-charpentier-lowpoly.zip,,,Retrieved and integrity checked 2026-10-06; see catalog/catalog-completion-2026-10-06/REPORT.md
poly-haven,Poly Haven,discovery_source,reference_only,false,,,,CC0-1.0,3D models;PBR textures;HDRIs;background lighting,https://polyhaven.com,,,,Discovery queue/source; individual assets are not considered stored until mirrored into a release.
itch-cc0,itch.io CC0 game assets,discovery_source,reference_only,false,,,,CC0-1.0,characters;3D;2D;backgrounds;tilesets;UI;icons;textures;audio,https://itch.io/game-assets/assets-cc0,,,,Discovery queue/source; individual assets are not considered stored until mirrored into a release.
kenney-free,Kenney free assets,discovery_source,reference_only,false,,,,CC0-1.0,2D;3D;characters;buildings;environments;UI;audio;fonts,https://kenney.nl/assets,,,,Discovery queue/source; individual assets are not considered stored until mirrored into a release.
tmhs-free-game-dev-assets,Free Game Dev Assets verified catalogue,reference_catalog,reference_only,false,,,,MIXED-OPEN,catalog;3D;2D;UI;textures;HDRI;audio;tools,https://github.com/TMHSDigital/Free-Game-Dev-Assets,,,,External catalogue of open game-development resources; not itself an asset pack.
image-mega-repo-metadata,Image Mega Repo Metadata Bundle,metadata_bundle,stored,true,mega-assets-v1,image-mega-repo-metadata.zip,8894,repository metadata / per-file terms,metadata;catalog;licensing;provenance,https://github.com/atiffhussainkhan/Image,https://github.com/atiffhussainkhan/Image/releases/download/mega-assets-v1/image-mega-repo-metadata.zip,,,
