collection,files,uncompressed_bytes,failures
outputs/game-art-library/bundles/10000.HighDefinition.PNG.Icon.Pack-cleaned-01.zip,8287,166435802,0
outputs/game-art-library/bundles/Samples-cleaned-01.zip,7809,426704476,0
outputs/game-art-library/bundles/EPS_Clipart-cleaned-01.zip,13714,899987237,0
outputs/game-art-library/bundles/EPS_Clipart-cleaned-03.zip,13754,899994206,0
outputs/game-art-library/bundles/game-art-semantic-search.zip,7,189720161,0
outputs/game-art-library/bundles/EPS_Clipart-cleaned-02.zip,13792,899977187,0
outputs/game-art-library/bundles/EPS_Clipart-cleaned-06.zip,11528,752463342,0
outputs/game-art-library/bundles/Clipart-cleaned-01.zip,18301,405804750,0
outputs/game-art-library/bundles/game-art-search-data.zip,11,719889059,0
outputs/game-art-library/bundles/EPS_Clipart-cleaned-05.zip,13762,899884273,0
outputs/game-art-library/bundles/game-art-gallery.zip,1814,310199709,0
outputs/game-art-library/bundles/EPS_Clipart-cleaned-04.zip,13855,899990419,0
work/full-audit/downloads/mega-assets-v1/image-mega-repo-metadata.zip,76,29688288,0
work/full-audit/downloads/mega-assets-v1/jam-ready-assets.zip::jam-ready-assets/kenney-isometric-miniature-bases/2D/prototype-blocks/Samples/Tiled Sample.zip,13,99330,0
work/full-audit/downloads/mega-assets-v1/jam-ready-assets.zip::jam-ready-assets/kenney-isometric-miniature-bases/2D/prototype-blocks/Samples/Unity Sample.zip,1,162906,0
work/full-audit/downloads/mega-assets-v1/jam-ready-assets.zip::jam-ready-assets/kenney-road-pack/3D/city/sprites_side.zip,294,277065,0
work/full-audit/downloads/mega-assets-v1/jam-ready-assets.zip::jam-ready-assets/kenney-road-pack/3D/city/sprites_isometric.zip,1176,3650742,0
work/full-audit/downloads/mega-assets-v1/jam-ready-assets.zip::jam-ready-assets/kenney-pixel-line-platformer/2D/platformer/Godot source/Godot platformer source.zip,42,79766,0
work/full-audit/downloads/mega-assets-v1/jam-ready-assets.zip::jam-ready-assets/kenney-nature-kit/3D/nature/sprites_side.zip,322,658033,0
work/full-audit/downloads/mega-assets-v1/jam-ready-assets.zip::jam-ready-assets/kenney-nature-kit/3D/nature/sprites_isometric.zip,1316,3830765,0
work/full-audit/downloads/mega-assets-v1/jam-ready-assets.zip::jam-ready-assets/kenney-isometric-miniature-overworld/2D/top-down-rpg/Isometric Miniature Overworld (2.0).zip::Samples/Tiled Sample.zip,13,99330,0
work/full-audit/downloads/mega-assets-v1/jam-ready-assets.zip::jam-ready-assets/kenney-isometric-miniature-overworld/2D/top-down-rpg/Isometric Miniature Overworld (2.0).zip::Samples/Unity Sample.zip,1,162906,0
work/full-audit/downloads/mega-assets-v1/jam-ready-assets.zip::jam-ready-assets/kenney-isometric-miniature-overworld/2D/top-down-rpg/Isometric Miniature Overworld (2.0).zip,158,5128680,0
work/full-audit/downloads/mega-assets-v1/jam-ready-assets.zip::jam-ready-assets/kenney-racing-kit/3D/vehicles-racing/sprites_side.zip,112,227830,0
work/full-audit/downloads/mega-assets-v1/jam-ready-assets.zip::jam-ready-assets/kenney-racing-kit/3D/vehicles-racing/sprites_isometric.zip,464,2655227,0
work/full-audit/downloads/mega-assets-v1/jam-ready-assets.zip::jam-ready-assets/kenney-nature-kit-classic/3D/nature/sprites_topdown.zip,232,288880,0
work/full-audit/downloads/mega-assets-v1/jam-ready-assets.zip::jam-ready-assets/kenney-nature-kit-classic/3D/nature/sprites_isometric.zip,928,2377854,0
work/full-audit/downloads/mega-assets-v1/jam-ready-assets.zip::jam-ready-assets/kenney-isometric-miniature-library/2D/misc/Isometric Miniature Library (2.1).zip::Samples/Tiled Sample.zip,13,99330,0
work/full-audit/downloads/mega-assets-v1/jam-ready-assets.zip::jam-ready-assets/kenney-isometric-miniature-library/2D/misc/Isometric Miniature Library (2.1).zip::Samples/Unity Sample.zip,1,162906,0
work/full-audit/downloads/mega-assets-v1/jam-ready-assets.zip::jam-ready-assets/kenney-isometric-miniature-library/2D/misc/Isometric Miniature Library (2.1).zip,295,5786293,0
work/full-audit/downloads/mega-assets-v1/jam-ready-assets.zip::jam-ready-assets/kenney-furniture-kit/3D/interior-furniture/sprites_side.zip,140,277602,0
work/full-audit/downloads/mega-assets-v1/jam-ready-assets.zip::jam-ready-assets/kenney-furniture-kit/3D/interior-furniture/sprites_isometric.zip,560,1675710,0
work/full-audit/downloads/mega-assets-v1/jam-ready-assets.zip::jam-ready-assets/kenney-crosshair-pack/2D/misc/PNG/Black Retina.zip,200,139928,0
work/full-audit/downloads/mega-assets-v1/jam-ready-assets.zip::jam-ready-assets/kenney-crosshair-pack/2D/misc/PNG/White Retina.zip,200,139923,0
work/full-audit/downloads/mega-assets-v1/jam-ready-assets.zip::jam-ready-assets/kenney-crosshair-pack/2D/misc/PNG/White.zip,200,81694,0
work/full-audit/downloads/mega-assets-v1/jam-ready-assets.zip::jam-ready-assets/kenney-crosshair-pack/2D/misc/PNG/Outline.zip,200,119553,0
work/full-audit/downloads/mega-assets-v1/jam-ready-assets.zip::jam-ready-assets/kenney-crosshair-pack/2D/misc/PNG/Outline Retina.zip,200,205156,0
work/full-audit/downloads/mega-assets-v1/jam-ready-assets.zip::jam-ready-assets/kenney-crosshair-pack/2D/misc/PNG/Black.zip,200,81695,0
work/full-audit/downloads/mega-assets-v1/jam-ready-assets.zip::jam-ready-assets/kenney-space-kit/3D/space-scifi/sprites_side.zip,146,406660,0
work/full-audit/downloads/mega-assets-v1/jam-ready-assets.zip::jam-ready-assets/kenney-space-kit/3D/space-scifi/sprites_isometric.zip,624,2835471,0
work/full-audit/downloads/mega-assets-v1/jam-ready-assets.zip::jam-ready-assets/kenney-isometric-miniature-prototype/2D/prototype-blocks/Isometric Miniature Prototype (2.3).zip::Samples/Tiled Sample.zip,13,99330,0
work/full-audit/downloads/mega-assets-v1/jam-ready-assets.zip::jam-ready-assets/kenney-isometric-miniature-prototype/2D/prototype-blocks/Isometric Miniature Prototype (2.3).zip::Samples/Unity Sample.zip,1,162906,0
work/full-audit/downloads/mega-assets-v1/jam-ready-assets.zip::jam-ready-assets/kenney-isometric-miniature-prototype/2D/prototype-blocks/Isometric Miniature Prototype (2.3).zip,655,3472188,0
work/full-audit/downloads/mega-assets-v1/jam-ready-assets.zip::jam-ready-assets/kenney-fonts/fonts/Webfonts B.zip,28,522278,0
work/full-audit/downloads/mega-assets-v1/jam-ready-assets.zip::jam-ready-assets/kenney-fonts/fonts/Webfonts A.zip,28,538020,0
work/full-audit/downloads/mega-assets-v1/jam-ready-assets.zip::jam-ready-assets/kenney-isometric-miniature-farm/2D/farm/Isometric Miniature Farm (2.0).zip::Samples/Tiled Sample.zip,13,99330,0
work/full-audit/downloads/mega-assets-v1/jam-ready-assets.zip::jam-ready-assets/kenney-isometric-miniature-farm/2D/farm/Isometric Miniature Farm (2.0).zip::Samples/Unity Sample.zip,1,162906,0
work/full-audit/downloads/mega-assets-v1/jam-ready-assets.zip::jam-ready-assets/kenney-isometric-miniature-farm/2D/farm/Isometric Miniature Farm (2.0).zip,463,10069835,0
work/full-audit/downloads/mega-assets-v1/jam-ready-assets.zip::jam-ready-assets/kenney-isometric-miniature-dungeon/2D/dungeon/Isometric Miniature Dungeon (2.3).zip::Samples/Tiled Sample.zip,13,99330,0
work/full-audit/downloads/mega-assets-v1/jam-ready-assets.zip::jam-ready-assets/kenney-isometric-miniature-dungeon/2D/dungeon/Isometric Miniature Dungeon (2.3).zip::Samples/Unity Sample.zip,1,162906,0
work/full-audit/downloads/mega-assets-v1/jam-ready-assets.zip::jam-ready-assets/kenney-isometric-miniature-dungeon/2D/dungeon/Isometric Miniature Dungeon (2.3).zip,751,14114013,0
work/full-audit/downloads/mega-assets-v1/jam-ready-assets.zip,130344,2997120296,0
work/full-audit/downloads/mega-assets-v1/kaykit-adventurers.zip,126,124156112,0
work/full-audit/downloads/mega-assets-v1/kaykit-character-animations-1.2.zip,67,12147671,0
work/full-audit/downloads/mega-assets-v1/kaykit-skeletons.zip,65,115932953,0
work/full-audit/downloads/mega-assets-v1/opengameart-knight-princess-dragon-2.zip,907,64497530,0
work/full-audit/downloads/mega-assets-v1/opengameart-modular-vector-characters.zip::opengameart-modular-vector-characters/download-1.zip,2000,208456696,0
work/full-audit/downloads/mega-assets-v1/opengameart-modular-vector-characters.zip,2,72685319,0
work/full-audit/downloads/mega-assets-expansion-v1/cc0tree.zip,114,11996374,0
work/full-audit/downloads/mega-assets-expansion-v1/fps-asset-kit.zip,442,908476679,0
work/full-audit/downloads/mega-assets-expansion-v1/fps-buildings-env-kit.zip,1997,346277136,0
work/full-audit/downloads/mega-assets-expansion-v1/holokat-game-assets.zip,4409,272965340,0
work/full-audit/downloads/mega-assets-expansion-v1/shorepine-kenney.zip,53098,264540483,0
work/full-audit/downloads/mega-assets-expansion-v1/tiddybub-2d-assets.zip,62221,1566291620,0
work/full-audit/downloads/mega-assets-expansion-v2/kaykit-city-builder.zip,301,9987603,0
work/full-audit/downloads/mega-assets-expansion-v2/kaykit-dungeon-remastered.zip,848,44949902,0
work/full-audit/downloads/mega-assets-expansion-v2/kaykit-furniture.zip,333,7095318,0
work/full-audit/downloads/mega-assets-expansion-v2/kaykit-halloween.zip,407,10325108,0
work/full-audit/downloads/mega-assets-expansion-v2/kaykit-medieval-hexagon.zip,1478,65398121,0
work/full-audit/downloads/mega-assets-expansion-v2/kaykit-prototype-bits.zip,457,9319988,0
work/full-audit/downloads/mega-assets-expansion-v2/oga-3d-character-pack.zip::oga-3d-character-pack/bravos_game_br_part_3.zip::BRAVOS_GAME_BR_PART_3/ani_forte3.zip,1,486060,0
work/full-audit/downloads/mega-assets-expansion-v2/oga-3d-character-pack.zip::oga-3d-character-pack/bravos_game_br_part_3.zip::BRAVOS_GAME_BR_PART_3/blusa.zip,1,536764,0
work/full-audit/downloads/mega-assets-expansion-v2/oga-3d-character-pack.zip::oga-3d-character-pack/bravos_game_br_part_3.zip::BRAVOS_GAME_BR_PART_3/Free 3D Model Face 5 Woman/model_5_blender.zip,4,5045729,0
work/full-audit/downloads/mega-assets-expansion-v2/oga-3d-character-pack.zip::oga-3d-character-pack/bravos_game_br_part_3.zip::BRAVOS_GAME_BR_PART_3/Free 3D Model Face 5 Woman/texture_update.zip,2,838444,0
work/full-audit/downloads/mega-assets-expansion-v2/oga-3d-character-pack.zip::oga-3d-character-pack/bravos_game_br_part_3.zip::BRAVOS_GAME_BR_PART_3/Free 3D Model Face 5 Woman/timelapse.zip,4,5875294,0
work/full-audit/downloads/mega-assets-expansion-v2/oga-3d-character-pack.zip::oga-3d-character-pack/bravos_game_br_part_3.zip::BRAVOS_GAME_BR_PART_3/homen5.zip,3,2204428,0
work/full-audit/downloads/mega-assets-expansion-v2/oga-3d-character-pack.zip::oga-3d-character-pack/bravos_game_br_part_3.zip::BRAVOS_GAME_BR_PART_3/model_4_blender.zip,3,2793500,0
work/full-audit/downloads/mega-assets-expansion-v2/oga-3d-character-pack.zip::oga-3d-character-pack/bravos_game_br_part_3.zip::BRAVOS_GAME_BR_PART_3/Woman in Action Outfit/bone_fone.zip,1,307660,0
work/full-audit/downloads/mega-assets-expansion-v2/oga-3d-character-pack.zip::oga-3d-character-pack/bravos_game_br_part_3.zip,12,13221876,0
work/full-audit/downloads/mega-assets-expansion-v2/oga-3d-character-pack.zip::oga-3d-character-pack/bravos_game_br_2023.zip::BRAVOS_GAME_BR_2023/LOW_POLY_2023.zip::LOW_POLY_2023/anime_3d_low_poly_high_poly.zip,7,2998764,0
work/full-audit/downloads/mega-assets-expansion-v2/oga-3d-character-pack.zip::oga-3d-character-pack/bravos_game_br_2023.zip::BRAVOS_GAME_BR_2023/LOW_POLY_2023.zip::LOW_POLY_2023/free_modelo_3d_parte_2.zip,4,4666416,0
work/full-audit/downloads/mega-assets-expansion-v2/oga-3d-character-pack.zip::oga-3d-character-pack/bravos_game_br_2023.zip::BRAVOS_GAME_BR_2023/LOW_POLY_2023.zip::LOW_POLY_2023/homem_forte.zip,3,363049,0
work/full-audit/downloads/mega-assets-expansion-v2/oga-3d-character-pack.zip::oga-3d-character-pack/bravos_game_br_2023.zip::BRAVOS_GAME_BR_2023/LOW_POLY_2023.zip::LOW_POLY_2023/homem_low_poly.zip,2,299752,0
work/full-audit/downloads/mega-assets-expansion-v2/oga-3d-character-pack.zip::oga-3d-character-pack/bravos_game_br_2023.zip::BRAVOS_GAME_BR_2023/LOW_POLY_2023.zip::LOW_POLY_2023/lobisomem.zip,4,646308,0
work/full-audit/downloads/mega-assets-expansion-v2/oga-3d-character-pack.zip::oga-3d-character-pack/bravos_game_br_2023.zip::BRAVOS_GAME_BR_2023/LOW_POLY_2023.zip::LOW_POLY_2023/mulher_low_poly.zip,2,297107,0
work/full-audit/downloads/mega-assets-expansion-v2/oga-3d-character-pack.zip::oga-3d-character-pack/bravos_game_br_2023.zip::BRAVOS_GAME_BR_2023/LOW_POLY_2023.zip::LOW_POLY_2023/mulher_modelo_3d_para_jogos.zip,3,1450307,0
work/full-audit/downloads/mega-assets-expansion-v2/oga-3d-character-pack.zip::oga-3d-character-pack/bravos_game_br_2023.zip::BRAVOS_GAME_BR_2023/LOW_POLY_2023.zip,7,9214545,0
work/full-audit/downloads/mega-assets-expansion-v2/oga-3d-character-pack.zip::oga-3d-character-pack/bravos_game_br_2023.zip::BRAVOS_GAME_BR_2023/mulher_11.zip,4,3303589,0
work/full-audit/downloads/mega-assets-expansion-v2/oga-3d-character-pack.zip::oga-3d-character-pack/bravos_game_br_2023.zip::BRAVOS_GAME_BR_2023/mulher_5.zip,3,939967,0
work/full-audit/downloads/mega-assets-expansion-v2/oga-3d-character-pack.zip::oga-3d-character-pack/bravos_game_br_2023.zip::BRAVOS_GAME_BR_2023/mulher_free.zip,1,318044,0
work/full-audit/downloads/mega-assets-expansion-v2/oga-3d-character-pack.zip::oga-3d-character-pack/bravos_game_br_2023.zip::BRAVOS_GAME_BR_2023/mulher_free_5_cabelo_e_olho.zip,1,217916,0
work/full-audit/downloads/mega-assets-expansion-v2/oga-3d-character-pack.zip::oga-3d-character-pack/bravos_game_br_2023.zip::BRAVOS_GAME_BR_2023/zumb_game.zip::zumb_game/zumb_game_free.zip,3,30893628,0
work/full-audit/downloads/mega-assets-expansion-v2/oga-3d-character-pack.zip::oga-3d-character-pack/bravos_game_br_2023.zip::BRAVOS_GAME_BR_2023/zumb_game.zip::zumb_game/zumb_game_free_update_2.zip,11,45539717,0
work/full-audit/downloads/mega-assets-expansion-v2/oga-3d-character-pack.zip::oga-3d-character-pack/bravos_game_br_2023.zip::BRAVOS_GAME_BR_2023/zumb_game.zip,2,17830892,0
work/full-audit/downloads/mega-assets-expansion-v2/oga-3d-character-pack.zip::oga-3d-character-pack/bravos_game_br_2023.zip,6,29247784,0
work/full-audit/downloads/mega-assets-expansion-v2/oga-3d-character-pack.zip::oga-3d-character-pack/bravos_game_br_2024.zip::BRAVOS_GAME_BR_2024/HOMEN_3D_LOW.zip,3,1784693,0
work/full-audit/downloads/mega-assets-expansion-v2/oga-3d-character-pack.zip::oga-3d-character-pack/bravos_game_br_2024.zip::BRAVOS_GAME_BR_2024/model3dtextura.zip,3,3733012,0
work/full-audit/downloads/mega-assets-expansion-v2/oga-3d-character-pack.zip::oga-3d-character-pack/bravos_game_br_2024.zip::BRAVOS_GAME_BR_2024/model_finalbravos_game_br.zip,1,256188,0
work/full-audit/downloads/mega-assets-expansion-v2/oga-3d-character-pack.zip::oga-3d-character-pack/bravos_game_br_2024.zip::BRAVOS_GAME_BR_2024/mulher_face2.zip,1,261324,0
work/full-audit/downloads/mega-assets-expansion-v2/oga-3d-character-pack.zip::oga-3d-character-pack/bravos_game_br_2024.zip::BRAVOS_GAME_BR_2024/mulher_face5.zip,1,321660,0
work/full-audit/downloads/mega-assets-expansion-v2/oga-3d-character-pack.zip::oga-3d-character-pack/bravos_game_br_2024.zip,6,3354191,0
work/full-audit/downloads/mega-assets-expansion-v2/oga-3d-character-pack.zip,3,41783891,0
work/full-audit/downloads/mega-assets-expansion-v2/papyszoo-cc0-sprites.zip,19530,196170254,0
work/full-audit/downloads/mega-assets-expansion-v2/verified-source-catalog.zip,493,2128197,0
